{
	"animations": [
		{
			"offsets": [
				224,
				-90
			],
			"indices": [],
			"fps": 24,
			"anim": "singDOWN",
			"loop": false,
			"name": "NewPhase2Sonic Down instance"
		},
		{
			"offsets": [
				190,
				50
			],
			"indices": [],
			"fps": 24,
			"anim": "idle",
			"loop": false,
			"name": "NewPhase2Sonic Idle instance"
		},
		{
			"offsets": [
				150,
				0
			],
			"indices": [],
			"fps": 24,
			"anim": "laugh",
			"loop": false,
			"name": "NewPhase2Sonic Laugh instance"
		},
		{
			"offsets": [
				250,
				-130
			],
			"indices": [],
			"fps": 24,
			"anim": "singLEFT",
			"loop": false,
			"name": "NewPhase2Sonic Left instance"
		},
		{
			"offsets": [
				230,
				-140
			],
			"indices": [],
			"fps": 24,
			"anim": "singRIGHT",
			"loop": false,
			"name": "NewPhase2Sonic Right instance"
		},
		{
			"offsets": [
				228,
				30
			],
			"indices": [],
			"fps": 24,
			"anim": "singUP",
			"loop": false,
			"name": "NewPhase2Sonic Up instance"
		}
	],
	"no_antialiasing": false,
	"image": "characters/P2Sonic_Assets",
	"position": [
		0,
		0
	],
	"healthicon": "p2sonic",
	"flip_x": false,
	"healthbar_colors": [
		1,
		0,
		101
	],
	"camera_position": [
		-50,
		0
	],
	"sing_duration": 6.1,
	"scale": 1
}